{"ExportedBy":"QuickStarter","BundleHash":"qTguWa18xl9rUsgbexyTMOXKQGqQgZMbWG3QUW4","Version":"1.0.0.0","JitAssemblyCompilerCommands":[{"ProviderName":"CustomEntities","BundleOptions":{"Hash":"1381212083","BundleName":"ExtendedExtractionResultsForDocumentData.InvoicesAccelirateInvoicesV1","EntitiesBundle":{"Types":{"InvoicesAccelirateInvoicesV1":{"Name":"InvoicesAccelirateInvoicesV1","Properties":[{"Name":"VendorCode","Type":{"ClrType":"UiPath.IntelligentOCR.StudioWeb.Activities.DataExtraction.ExtractedField`1[[System.String, System.Private.CoreLib]], UiPath.IntelligentOCR.StudioWeb.Activities"}},{"Name":"Total","Type":{"ClrType":"UiPath.IntelligentOCR.StudioWeb.Activities.DataExtraction.ExtractedField`1[[System.String, System.Private.CoreLib]], UiPath.IntelligentOCR.StudioWeb.Activities"}},{"Name":"EndDate","Type":{"ClrType":"UiPath.IntelligentOCR.StudioWeb.Activities.DataExtraction.ExtractedField`1[[System.Nullable`1[[System.DateTime, System.Private.CoreLib]], System.Private.CoreLib]], UiPath.IntelligentOCR.StudioWeb.Activities"}},{"Name":"StartDate","Type":{"ClrType":"UiPath.IntelligentOCR.StudioWeb.Activities.DataExtraction.ExtractedField`1[[System.Nullable`1[[System.DateTime, System.Private.CoreLib]], System.Private.CoreLib]], UiPath.IntelligentOCR.StudioWeb.Activities"}},{"Name":"LoanNumber","Type":{"ClrType":"UiPath.IntelligentOCR.StudioWeb.Activities.DataExtraction.ExtractedField`1[[System.String, System.Private.CoreLib]], UiPath.IntelligentOCR.StudioWeb.Activities"}},{"Name":"Type","Type":{"ClrType":"UiPath.IntelligentOCR.StudioWeb.Activities.DataExtraction.ExtractedField`1[[System.String, System.Private.CoreLib]], UiPath.IntelligentOCR.StudioWeb.Activities"}},{"Name":"Department","Type":{"ClrType":"UiPath.IntelligentOCR.StudioWeb.Activities.DataExtraction.ExtractedField`1[[System.String, System.Private.CoreLib]], UiPath.IntelligentOCR.StudioWeb.Activities"}},{"Name":"InvoiceNumber","Type":{"ClrType":"UiPath.IntelligentOCR.StudioWeb.Activities.DataExtraction.ExtractedField`1[[System.String, System.Private.CoreLib]], UiPath.IntelligentOCR.StudioWeb.Activities"}},{"Name":"CompanyAddress","Type":{"ClrType":"UiPath.IntelligentOCR.StudioWeb.Activities.DataExtraction.ExtractedField`1[[System.String, System.Private.CoreLib]], UiPath.IntelligentOCR.StudioWeb.Activities"}},{"Name":"CompanyName","Type":{"ClrType":"UiPath.IntelligentOCR.StudioWeb.Activities.DataExtraction.ExtractedField`1[[System.String, System.Private.CoreLib]], UiPath.IntelligentOCR.StudioWeb.Activities"}}],"BaseType":{"ClrType":"UiPath.IntelligentOCR.StudioWeb.Activities.DataExtraction.ExtendedExtractionResultsForDocumentData, UiPath.IntelligentOCR.StudioWeb.Activities"}}},"Version":1}},"EntityAssemblyKey":{"Name":"UiPath.IntelligentOCR.StudioWeb.Activities.SWEntities.ExtendedExtractionResultsForDocumentData.InvoicesAccelirateInvoicesV1","Hash":"MTM4MTIxMjA000","AssemblyName":"ExtendedExtractionRe.CustomEntitiesAccelirate_Invoices"}}]}